,Modelo,Error,Accuracy,Precision,Recall,F1
0,ensemble,0.2122905027932961,0.7877094972067039,0.875,0.5675675675675675,0.6885245901639344
